{"cameraMode":{"drawMode":0,"name":"Shaded","section":"Shading Mode"},"sceneLighting":true,"audioPlay":false,"sceneViewState":{"showFog":true,"showMaterialUpdate":false,"showSkybox":true,"showFlares":true,"showImageEffects":true,"showParticleSystems":true},"in2DMode":false,"pivot":{"x":-71.85064697265625,"y":66.42906951904297,"z":-42.62815856933594},"rotation":{"x":0.041718777269124988,"y":0.014893880113959313,"z":-0.0006266051204875112,"w":0.9990182518959045},"size":270.1505126953125,"orthographic":false}