{"cameraMode":{"drawMode":0,"name":"Shaded","section":"Shading Mode"},"sceneLighting":false,"audioPlay":false,"sceneViewState":{"showFog":true,"showMaterialUpdate":false,"showSkybox":true,"showFlares":true,"showImageEffects":true,"showParticleSystems":true},"in2DMode":false,"pivot":{"x":-673.464599609375,"y":696.0985717773438,"z":-46.731101989746097},"rotation":{"x":0.016319934278726579,"y":0.9836410284042358,"z":0.13086526095867158,"w":-0.12271243333816529},"size":49.57364273071289,"orthographic":false}